AddressRowidObject,       ParentId      ,       AddressLastModifiedTimestamp    ,       AddressTypeCode ,       AddressPreferenceTypeCode       ,       AddressLine1,AddressLine2    ,       City    ,       State   ,       PostalCode,       SoftDeleteIndicator     ,       SoftDeleteTimestamp
1,9,2014-06-08T20:10:25Z,RES,,08 Meadow Valley Avenue,,Worcester,MA,01605,,
2,8,2014-08-08T01:39:29Z,RES,,4 Weeping Birch Hill,,New York City,NY,10060,,
3,7,2014-11-23T04:23:35Z,MAIL,,19 Badeau Crossing,,Boulder,CO,80305,,
4,6,2014-06-05T21:25:23Z,RES,,747 Lien Lane,,Garland,TX,75049,,
5,5,2014-11-12T02:58:50Z,RES,,9 Sycamore Drive,,San Antonio,TX,78296,,
6,4,2014-08-12T05:09:44Z,RES,,0524 Welch Place,,Omaha,NE,68110,,
7,3,2014-04-14T22:02:25Z,RES,,78 Hansons Avenue,,Hartford,CT,06152,,
8,2,2014-09-05T04:22:59Z,MAIL,,3 Morrow Drive,,Boise,ID,83722,,
9,1,2014-05-17T01:14:16Z,RES,,06 Parkside Circle,,Pittsburgh,PA,15261,,
